CROSS,BasicCrossOperatorParallel
MUTATION,BasicMutationOperatorParallel
FITNESS,BasicFitnessFunctionParallel
SELECTION,BasicSelectionFunctionParallel
INITIALIZATION,GlobeInitialization

Fitness,Objective
0.04444315,1.859636
0.1946334,2.314323
0.0594056,1.293208
0.06728838,1.433224
0.07287577,1.409458
0.06531519,1.967832
0.09004448,1.680128
0.119467,1.680128
0.1361938,1.680128
0.1333348,1.680128
0.2012125,1.680128
