CROSS,BasicCrossOperatorParallel
MUTATION,BasicMutationOperatorParallel
FITNESS,BasicFitnessFunctionParallel
SELECTION,BasicSelectionFunctionParallel
INITIALIZATION,GlobeInitialization

Fitness,Objective
0.09789935,5.211235
0.1257032,5.211235
0.2214108,3.528823
0.1208276,5.211235
0.3746729,3.558938
0.09698547,3.528823
0.07535897,3.528823
0.2866182,5.211235
0.1853429,1.430855
0.3046867,4.771262
0.2624821,4.771262
