CROSS,BasicCrossOperatorParallel
MUTATION,BasicMutationOperatorParallel
FITNESS,BasicFitnessFunctionParallel
SELECTION,BasicSelectionFunctionParallel
INITIALIZATION,GlobeInitialization

Fitness,Objective
0.08687878,2.322374
0.1560052,2.322374
0.2897653,2.322374
0.2446892,2.322374
0.7160356,2.322374
0.7077445,2.322374
0.434698,1.818395
0.2265938,2.322374
0.7191813,2.322374
0.692096,2.322374
1.408593,1.763726
