CROSS,BasicCrossOperatorParallel
MUTATION,BasicMutationOperatorParallel
FITNESS,BasicFitnessFunctionParallel
SELECTION,BasicSelectionFunctionParallel
INITIALIZATION,GlobeInitialization

Fitness,Objective
0.07269573,5.091017
0.1086556,5.091017
0.1308702,5.111321
0.161783,4.991271
1.429768,3.504375
0.3837422,3.504375
0.4391298,3.504375
0.8810986,2.638293
16.65167,4.991271
1.597606,4.991271
1.272343,4.991271
