CROSS,BasicCrossOperatorParallel
MUTATION,BasicMutationOperatorParallel
FITNESS,BasicFitnessFunctionParallel
SELECTION,BasicSelectionFunctionParallel
INITIALIZATION,GlobeInitialization

Fitness,Objective
0.04224586,4.97225
0.1068906,3.722681
0.1370132,3.722681
0.1182813,3.779277
0.06156746,4.992187
0.1083428,5.004623
0.116056,5.004623
0.08188609,4.464434
0.07701181,2.735867
0.09333365,2.735867
0.06029034,3.79281
