CROSS,BasicCrossOperatorParallel
MUTATION,BasicMutationOperatorParallel
FITNESS,BasicFitnessFunctionParallel
SELECTION,BasicSelectionFunctionParallel
INITIALIZATION,GlobeInitialization

Fitness,Objective
0.1058258,5.390886
0.1770948,5.277233
0.7665194,2.399822
1.475376,2.832719
1.087331,3.666115
1.265785,2.399822
0.6470444,2.399822
1.650815,2.399822
0.922062,4.449262
0.8438962,2.656795
2.149319,4.02939
