CROSS,BasicCrossOperatorParallel
MUTATION,BasicMutationOperatorParallel
FITNESS,BasicFitnessFunctionParallel
SELECTION,BasicSelectionFunctionParallel
INITIALIZATION,GlobeInitialization

Fitness,Objective
0.06155537,5.217695
0.3000899,2.609556
0.2125047,2.609556
0.4541885,2.609556
0.6422792,5.287442
7.943268,3.658393
1.138371,3.658393
1.803943,2.516001
1.430184,3.995218
3.987594,3.995218
1.652058,3.854359
