CROSS,BasicCrossOperatorParallel
MUTATION,BasicMutationOperatorParallel
FITNESS,BasicFitnessFunctionParallel
SELECTION,BasicSelectionFunctionParallel
INITIALIZATION,GlobeInitialization

Fitness,Objective
0.1117195,5.262313
0.1235403,5.262313
0.2758493,5.287602
0.5019194,5.287602
0.6729886,5.176204
1.319685,5.287602
1.679864,5.287602
0.9822205,4.26823
0.7136835,5.287602
1.533175,5.287602
1.209232,5.287602
