CROSS,BasicCrossOperatorParallel
MUTATION,BasicMutationOperatorParallel
FITNESS,BasicFitnessFunctionParallel
SELECTION,BasicSelectionFunctionParallel
INITIALIZATION,GlobeInitialization

Fitness,Objective
0.09267534,5.408303
0.1418151,5.361343
0.17346,5.284861
0.5473836,5.284861
0.3328323,5.284861
0.6565859,3.917503
1.103908,3.917503
4.389264,3.917503
3.294601,3.59499
1.695107,3.917503
2.173233,3.903052
