CROSS,BasicCrossOperatorParallel
MUTATION,BasicMutationOperatorParallel
FITNESS,BasicFitnessFunctionParallel
SELECTION,BasicSelectionFunctionParallel
INITIALIZATION,GlobeInitialization

Fitness,Objective
0.08977137,2.485722
0.07680954,2.586752
0.1828246,1.531482
0.2144284,3.054756
0.1036551,3.054756
0.2175893,2.973491
0.3261158,2.104285
0.5213839,2.104285
0.3904185,2.104285
1.83259,2.943693
1.018413,2.943693
