CROSS,BasicCrossOperatorParallel
MUTATION,BasicMutationOperatorParallel
FITNESS,BasicFitnessFunctionParallel
SELECTION,BasicSelectionFunctionParallel
INITIALIZATION,GlobeInitialization

Fitness,Objective
0.2969605,3.486057
1.235581,3.486057
1.203379,3.486057
0.8939141,3.486057
1.270493,3.486057
1.295298,3.486057
8.090571,3.486057
5.154839,2.342613
1.31877,2.342613
1.148201,2.074168
1.398153,2.680273
