CROSS,BasicCrossOperatorParallel
MUTATION,BasicMutationOperatorParallel
FITNESS,BasicFitnessFunctionParallel
SELECTION,BasicSelectionFunctionParallel
INITIALIZATION,GlobeInitialization

Fitness,Objective
0.09013905,4.009819
0.3907765,3.985717
3.031572,3.985717
1.747738,3.985717
1.694992,2.44976
2.885632,1.81448
1.149887,3.985717
2.213707,3.985717
2.491544,3.985717
4.887392,1.768549
1.991645,1.763689
