CROSS,BasicCrossOperatorParallel
MUTATION,BasicMutationOperatorParallel
FITNESS,BasicFitnessFunctionParallel
SELECTION,BasicSelectionFunctionParallel
INITIALIZATION,GlobeInitialization

Fitness,Objective
0.06053239,4.41348
0.1671781,4.182733
0.1597167,4.182733
0.0421347,2.633089
0.04866043,3.884488
0.05503061,2.914739
0.0860722,4.331241
0.0446622,2.914739
0.03445263,4.331241
0.03930935,2.640429
0.0678708,2.038668
