CROSS,BasicCrossOperatorParallel
MUTATION,BasicMutationOperatorParallel
FITNESS,BasicFitnessFunctionParallel
SELECTION,BasicSelectionFunctionParallel
INITIALIZATION,GlobeInitialization

Fitness,Objective
0.04343652,4.252523
0.05660403,4.32735
0.04711868,4.252523
0.07618655,2.993155
0.1066178,4.803404
0.1607036,4.803404
0.1738874,3.518523
0.23749,2.387785
0.6639513,4.803404
0.568492,3.360976
0.342696,3.285636
