CROSS,BasicCrossOperatorParallel
MUTATION,BasicMutationOperatorParallel
FITNESS,BasicFitnessFunctionParallel
SELECTION,BasicSelectionFunctionParallel
INITIALIZATION,GlobeInitialization

Fitness,Objective
0.04926875,4.980997
0.09637979,5.098676
0.1473952,1.810265
0.2286224,1.810265
0.7981328,1.810265
0.6338266,1.810265
1.296283,1.810265
1.213668,3.668378
8.613549,2.481492
1.015616,2.481492
2.046639,2.481492
