CROSS,BasicCrossOperatorParallel
MUTATION,BasicMutationOperatorParallel
FITNESS,BasicFitnessFunctionParallel
SELECTION,BasicSelectionFunctionParallel
INITIALIZATION,GlobeInitialization

Fitness,Objective
0.03743698,5.104299
0.08873826,5.426132
0.1732877,1.737711
0.1391468,5.341785
0.1666979,5.439979
0.1140945,5.426132
0.2759871,5.426132
0.3935167,5.426132
0.7571383,5.426132
2.256115,5.426132
1.368251,5.426132
